Address,Location,Name,Cuisine,Flavour,x coordinate,y coordinate
68-78 Hardware Lane,Melbourne (CBD),The Coffee Cup,Italian,mild and fresh,144.9611061,-37.8130703
54-58 Hardware Lane,Melbourne (CBD),Cafe Max,Italian,mild and fresh,144.9612623,-37.81339488
54-58 Hardware Lane,Melbourne (CBD),Cafe Max,Italian,mild and fresh,144.9612623,-37.81339488
380-384 Little Bourke Street,Melbourne (CBD),Saquella Caffe,Italian,mild and fresh,144.9613283,-37.81354346
388-392 Little Bourke Street,Melbourne (CBD),Ciao Pizza Napoli,Italian,mild and fresh,144.9610735,-37.81359799
394-400 Little Bourke Street,Melbourne (CBD),Cafe Malone,Italian,mild and fresh,144.9609004,-37.81365679
200-222 Queen Street,Melbourne (CBD),Chambers Fine Foods,Italian,mild and fresh,144.9604697,-37.81352285
200-222 Queen Street,Melbourne (CBD),Chambers Fine Foods,Italian,mild and fresh,144.9604697,-37.81352285
11-25 Crossley Street,Melbourne (CBD),Becco,Italian,mild and fresh,144.9710142,-37.81143018
538-542 Little Collins Street,Melbourne (CBD),The Gourmet Gulp,Italian,mild and fresh,144.956774,-37.81695942
538-542 Little Collins Street,Melbourne (CBD),Cafe Q,Italian,mild and fresh,144.956774,-37.81695942
538-542 Little Collins Street,Melbourne (CBD),Lady Jade Tea House,Italian,mild and fresh,144.956774,-37.81695942
538-542 Little Collins Street,Melbourne (CBD),Borlotti Restaurant,Italian,mild and fresh,144.956774,-37.81695942
573-585 Bourke Street,Melbourne (CBD),Lure's Gourmet Sandwich Bar,Italian,mild and fresh,144.9566688,-37.81651427
516-520 Collins Street,Melbourne (CBD),Hermes Fine Foods,Italian,mild and fresh,144.9572629,-37.81780327
468-478 Collins Street,Melbourne (CBD),McDonald's,Italian,mild and fresh,144.9583339,-37.81753764
468-478 Collins Street,Melbourne (CBD),McDonald's,Italian,mild and fresh,144.9583339,-37.81753764
500-514 Collins Street,Melbourne (CBD),Menzies Tavern,Italian,mild and fresh,144.9574732,-37.81753383
522-534 Collins Street,Melbourne (CBD),Cafe Exchange,Italian,mild and fresh,144.9568348,-37.81767359
106-120 Collins Street,Melbourne (CBD),Cafe Cento Venti,Italian,mild and fresh,144.9693797,-37.81398457
106-120 Collins Street,Melbourne (CBD),Cafe Cento Venti,Italian,mild and fresh,144.9693797,-37.81398457
106-120 Collins Street,Melbourne (CBD),Garden Plaza Cafe,Italian,mild and fresh,144.9693797,-37.81398457
106-120 Collins Street,Melbourne (CBD),Garden Plaza Cafe,Italian,mild and fresh,144.9693797,-37.81398457
80 Collins Street,Melbourne (CBD),Mediterranean Deli,Italian,mild and fresh,144.9707087,-37.81358646
80 Collins Street,Melbourne (CBD),Nauru House Cafe,Italian,mild and fresh,144.9707087,-37.81358646
80 Collins Street,Melbourne (CBD),Nauru House Cafe,Italian,mild and fresh,144.9707087,-37.81358646
86-88 Collins Street,Melbourne (CBD),Dr Martin's Tavern,Italian,mild and fresh,144.9705847,-37.81393777
86-88 Collins Street,Melbourne (CBD),Dr Martin's Tavern,Italian,mild and fresh,144.9705847,-37.81393777
100-104 Collins Street,Melbourne (CBD),Janil's Cafe,Italian,mild and fresh,144.9700079,-37.81423688
173-175 Bourke Street,Melbourne (CBD),Edoya Restaurant,Mexican,mild and fresh,144.9684168,-37.81298798
173-175 Bourke Street,Melbourne (CBD),Taco Bill's Restaurant,Mexican,mild and fresh,144.9684168,-37.81298798
137-141 Bourke Street,Melbourne (CBD),Centro Citta Restaurant,Mexican,mild and fresh,144.9691653,-37.81279907
131-135 Bourke Street,Melbourne (CBD),Bistro 1,Mexican,mild and fresh,144.9694638,-37.8130107
122 Russell Street,Melbourne (CBD),Pizza Napoli,Mexican,mild and fresh,144.9687154,-37.81342961
121-127 Little Collins Street,Melbourne (CBD),Stamford Plaza Hotel,Mexican,mild and fresh,144.9697676,-37.8136886
398-406 Elizabeth Street,Melbourne (CBD),Daniel's Charcoal Grill,Mexican,mild and fresh,144.9613339,-37.8093373
398-406 Elizabeth Street,Melbourne (CBD),Daniel's Charcoal Grill,Mexican,mild and fresh,144.9613339,-37.8093373
407-409 Swanston Street,Melbourne (CBD),Basement 407,Mexican,mild and fresh,144.9631797,-37.80895593
407-409 Swanston Street,Melbourne (CBD),Druids Swanston,Mexican,mild and fresh,144.9631797,-37.80895593
16 Little La Trobe Street,Melbourne (CBD),Food By Stax,Mexican,mild and fresh,144.9629471,-37.80909156
34-36 Little La Trobe Street,Melbourne (CBD),Nylon Cafe,Mexican,mild and fresh,144.9625157,-37.80921752
70-72 Little La Trobe Street,Melbourne (CBD),Kimchi House,Mexican,mild and fresh,144.9617429,-37.80944542
377-389 Swanston Street,Melbourne (CBD),Hungry Jack's,Mexican,mild and fresh,144.9634198,-37.80945732
377-389 Swanston Street,Melbourne (CBD),Citi Espresso,Mexican,mild and fresh,144.9634198,-37.80945732
377-389 Swanston Street,Melbourne (CBD),Citi Espresso,Mexican,mild and fresh,144.9634198,-37.80945732
459-469 Swanston Street,Melbourne (CBD),Franklin Cafe,Mexican,mild and fresh,144.9626708,-37.80779355
422-440 Elizabeth Street,Melbourne (CBD),The Garden Cafe,Mexican,mild and fresh,144.961007,-37.80862891
422-440 Elizabeth Street,Melbourne (CBD),The Garden Cafe,Mexican,mild and fresh,144.961007,-37.80862891
319-323 Swanston Street,Melbourne (CBD),Es Teler 77,Mexican,mild and fresh,144.9640475,-37.81076317
335-347 Swanston Street,Melbourne (CBD),Subway,Mexican,mild and fresh,144.9637506,-37.8103651
313-315 Swanston Street,Melbourne (CBD),Ruby Orange,Modern Australia,mild and fresh,144.964105,-37.81088539
478-484 Albert Street,East Melbourne,Albert St Deli,Modern Australia,mild and fresh,144.9746801,-37.80907045
6-8 Nicholson Street,East Melbourne,Sodhexo Food & Management Services,Modern Australia,mild and fresh,144.973619,-37.80849653
2-12 Parliament Place,East Melbourne,Cafe Tasma,Modern Australia,mild and fresh,144.9757456,-37.81162322
2-12 Parliament Place,East Melbourne,Cafe Tasma,Modern Australia,mild and fresh,144.9757456,-37.81162322
265-279 Little Bourke Street,Melbourne (CBD),All Seasons Welcome Hotel,Modern Australia,mild and fresh,144.9646469,-37.81288667
265-279 Little Bourke Street,Melbourne (CBD),Ong International Food Court,Modern Australia,mild and fresh,144.9646469,-37.81288667
215-217 Swanston Street,Melbourne (CBD),Crown Cafe Bakery,Modern Australia,mild and fresh,144.9649943,-37.81279567
215-217 Swanston Street,Melbourne (CBD),Crown Cafe Bakery,Modern Australia,mild and fresh,144.9649943,-37.81279567
191-205 Swanston Street,Melbourne (CBD),Hotel Swanston,Modern Australia,mild and fresh,144.9649993,-37.81309229
269-273 Lonsdale Street,Melbourne (CBD),The Little Swiss Cafe,Modern Australia,mild and fresh,144.9643076,-37.81205872
269-273 Lonsdale Street,Melbourne (CBD),Cafe Bossini,Chilean,hot and spicy,144.9643076,-37.81205872
269-273 Lonsdale Street,Melbourne (CBD),Cafe Bossini,Chilean,hot and spicy,144.9643076,-37.81205872
271 Swanston Street,Melbourne (CBD),Num Fong Restaurant,Chilean,hot and spicy,144.964551,-37.81190136
265-267 Swanston Street,Melbourne (CBD),Nelayan,Chilean,hot and spicy,144.9646021,-37.81201046
243-249 Swanston Street,Melbourne (CBD),The Lounge,Chilean,hot and spicy,144.9647365,-37.81230108
239-241 Swanston Street,Melbourne (CBD),Mekong Vietnam,Vietnamese,hot and spicy,144.9647784,-37.81239263
273 Swanston Street,Melbourne (CBD),Krome Kafe,Chilean,hot and spicy,144.9645317,-37.81185964
251-253 Swanston Street,Melbourne (CBD),Que Huong,Chilean,hot and spicy,144.9646962,-37.81221437
258-260 Flinders Lane,Melbourne (CBD),Soup-A-Bowl,Chilean,hot and spicy,144.9654744,-37.81664468
258-260 Flinders Lane,Melbourne (CBD),Soup-A-Bowl,Chilean,hot and spicy,144.9654744,-37.81664468
258-260 Flinders Lane,Melbourne (CBD),Amicis Cafe,Chilean,hot and spicy,144.9654744,-37.81664468
258-260 Flinders Lane,Melbourne (CBD),Amicis Cafe,Chilean,hot and spicy,144.9654744,-37.81664468
252-254 Flinders Lane,Melbourne (CBD),Aix Cafe Creperie Salon,Chilean,hot and spicy,144.9655966,-37.8166033
252-254 Flinders Lane,Melbourne (CBD),Blue Fish,Japanese,mild and fresh,144.9655966,-37.8166033
252-254 Flinders Lane,Melbourne (CBD),Blue Fish,Japanese,mild and fresh,144.9655966,-37.8166033
252-254 Flinders Lane,Melbourne (CBD),Cafe Cugini,Japanese,mild and fresh,144.9655966,-37.8166033
252-254 Flinders Lane,Melbourne (CBD),Cafe Cugini,Japanese,mild and fresh,144.9655966,-37.8166033
221-231 Collins Street,Melbourne (CBD),Hana Sushi Udon,Japanese,mild and fresh,144.9663304,-37.81584476
221-231 Collins Street,Melbourne (CBD),Espresso Bar,Japanese,mild and fresh,144.9663304,-37.81584476
221-231 Collins Street,Melbourne (CBD),Espresso Bar,Japanese,mild and fresh,144.9663304,-37.81584476
251-257 Collins Street,Melbourne (CBD),Sushi Bar Rin,Japanese,mild and fresh,144.9656511,-37.81635062
259-263 Collins Street,Melbourne (CBD),Delight Sandwich Bar,Japanese,mild and fresh,144.9653407,-37.81620631
259-263 Collins Street,Melbourne (CBD),Neko Sushi Bar & Gourmet,Japanese,mild and fresh,144.9653407,-37.81620631
259-263 Collins Street,Melbourne (CBD),La Gondola Cafe,Japanese,mild and fresh,144.9653407,-37.81620631
271-285 Collins Street,Melbourne (CBD),La Cream Cafe,Japanese,mild and fresh,144.9649331,-37.81662781
271-285 Collins Street,Melbourne (CBD),La Cream Cafe,Japanese,mild and fresh,144.9649331,-37.81662781
271-285 Collins Street,Melbourne (CBD),Schwobs Swiss Gourmet Sandwich Bar,Japanese,mild and fresh,144.9649331,-37.81662781
271-285 Collins Street,Melbourne (CBD),Schwobs Swiss Gourmet Sandwich Bar,Japanese,mild and fresh,144.9649331,-37.81662781
228-236 Flinders Street,Melbourne (CBD),Richards Coffee Lounge,Japanese,mild and fresh,144.9665517,-37.81724878
228-236 Flinders Street,Melbourne (CBD),Richards Coffee Lounge,Japanese,mild and fresh,144.9665517,-37.81724878
228-236 Flinders Street,Melbourne (CBD),Kim Sing Chinese Restaurant,Japanese,mild and fresh,144.9665517,-37.81724878
9-11 Swanston Street,Melbourne (CBD),McDonald's,Japanese,mild and fresh,144.9669316,-37.81723918
9-11 Swanston Street,Melbourne (CBD),McDonald's,Japanese,mild and fresh,144.9669316,-37.81723918
253-265 Flinders Lane,Melbourne (CBD),The Organic Food & Wine Deli,Chinese,hot and spicy,144.9659028,-37.81706291
253-265 Flinders Lane,Melbourne (CBD),The Organic Food & Wine Deli,Chinese,hot and spicy,144.9659028,-37.81706291
253-265 Flinders Lane,Melbourne (CBD),Cafe Adimo,Chinese,hot and spicy,144.9659028,-37.81706291
253-265 Flinders Lane,Melbourne (CBD),Cafe Adimo,Chinese,hot and spicy,144.9659028,-37.81706291
267-275 Flinders Lane,Melbourne (CBD),Degraves Espresso,Chinese,hot and spicy,144.9654844,-37.81710105
267-275 Flinders Lane,Melbourne (CBD),Degraves Espresso,Chinese,hot and spicy,144.9654844,-37.81710105
267-275 Flinders Lane,Melbourne (CBD),Liason Cafe,Chinese,hot and spicy,144.9654844,-37.81710105
267-275 Flinders Lane,Melbourne (CBD),Liason Cafe,Chinese,hot and spicy,144.9654844,-37.81710105
267-275 Flinders Lane,Melbourne (CBD),Beejans,Chinese,hot and spicy,144.9654844,-37.81710105
267-275 Flinders Lane,Melbourne (CBD),Fat Arnie Cafe,Chinese,hot and spicy,144.9654844,-37.81710105
267-275 Flinders Lane,Melbourne (CBD),The Life Juice Company,Chinese,hot and spicy,144.9654844,-37.81710105
277-279 Flinders Lane,Melbourne (CBD),De Biers,Chinese,hot and spicy,144.9652979,-37.81724201
193-199 Bourke Street,Melbourne (CBD),The Carlton Hotel,Chinese,hot and spicy,144.9676452,-37.81320485
185-187 Bourke Street,Melbourne (CBD),McDonald's,Chinese,hot and spicy,144.9678483,-37.81314527
185-187 Bourke Street,Melbourne (CBD),McDonald's,Chinese,hot and spicy,144.9678483,-37.81314527
377-379 Little Collins Street,Melbourne (CBD),Nori Nori Sushi & Noodle Bar,Chinese,hot and spicy,144.9624392,-37.81585501
344-350 Collins Street,Melbourne (CBD),Caffe Trento,Korean,hot and spicy,144.962689,-37.81601764
353 Little Collins Street,Melbourne (CBD),Grosvenor Tavern,Korean,hot and spicy,144.9631329,-37.81594942
97-103 Elizabeth Street,Melbourne (CBD),Indiana Spice A Restaurant,Korean,hot and spicy,144.9634979,-37.81592157
97-103 Elizabeth Street,Melbourne (CBD),Caffe Nero,Korean,hot and spicy,144.9634979,-37.81592157
148-156 Queen Street,Melbourne (CBD),Between The Slice,Korean,hot and spicy,144.9611591,-37.81508879
359-385 Bourke Street,Melbourne (CBD),Galleria Deli & Bistro,Korean,hot and spicy,144.9629442,-37.81491502
359-385 Bourke Street,Melbourne (CBD),Galleria Nature Deli,Korean,hot and spicy,144.9629442,-37.81491502
359-385 Bourke Street,Melbourne (CBD),Galleria Coffee Lounge,Korean,hot and spicy,144.9629442,-37.81491502
18-22 McKillop Street,Melbourne (CBD),Spontini Restaurant,Korean,hot and spicy,144.9618186,-37.81514598
118-126 Queen Street,Melbourne (CBD),Bar Puccini Cucina,Korean,hot and spicy,144.9612988,-37.81565401
118-126 Queen Street,Melbourne (CBD),Bar Puccini Cucina,Korean,hot and spicy,144.9612988,-37.81565401
317-321 Little Collins Street,Melbourne (CBD),Dinkum Pies,Korean,hot and spicy,144.9642254,-37.81528948
317-321 Little Collins Street,Melbourne (CBD),Dinkum Pies,Korean,hot and spicy,144.9642254,-37.81528948
317-321 Little Collins Street,Melbourne (CBD),Cafe Segovia,Colombian,creamy and spicy,144.9642254,-37.81528948
317-321 Little Collins Street,Melbourne (CBD),Cafe Segovia,Colombian,creamy and spicy,144.9642254,-37.81528948
123 Swanston Street,Melbourne (CBD),Crossways Food For Life,Colombian,creamy and spicy,144.9658852,-37.81482941
109-117 Swanston Street,Melbourne (CBD),Sleepy Dogs Cafe,Colombian,creamy and spicy,144.9657774,-37.81507697
91-107 Swanston Street,Melbourne (CBD),Cafe Meditteranean,Colombian,creamy and spicy,144.9661258,-37.81528474
234-250 Collins Street,Melbourne (CBD),Circle of Food,Colombian,creamy and spicy,144.9656577,-37.81541957
258-274 Collins Street,Melbourne (CBD),Novotel Melbourne On Collins,Colombian,creamy and spicy,144.9648999,-37.81536587
258-274 Collins Street,Melbourne (CBD),Australia On Collins Bar,Colombian,creamy and spicy,144.9648999,-37.81536587
258-274 Collins Street,Melbourne (CBD),Cafe Doppio,Colombian,creamy and spicy,144.9648999,-37.81536587
258-274 Collins Street,Melbourne (CBD),Cafe Doppio,Colombian,creamy and spicy,144.9648999,-37.81536587
258-274 Collins Street,Melbourne (CBD),Hokka Hokka On Collins,Colombian,creamy and spicy,144.9648999,-37.81536587
258-274 Collins Street,Melbourne (CBD),La Scala Restaurant,Colombian,creamy and spicy,144.9648999,-37.81536587
258-274 Collins Street,Melbourne (CBD),Cafe Classico,Colombian,creamy and spicy,144.9648999,-37.81536587
258-274 Collins Street,Melbourne (CBD),Sushi Noodle Bar,Colombian,creamy and spicy,144.9648999,-37.81536587
280-292 Collins Street,Melbourne (CBD),Hopetoun Tea Rooms,Colombian,creamy and spicy,144.9645574,-37.81567229
28-32 Block Place,Melbourne (CBD),Caffe Cortile,Colombian,creamy and spicy,144.9644662,-37.81529155
28-32 Block Place,Melbourne (CBD),Caffe Cortile,Colombian,creamy and spicy,144.9644662,-37.81529155
34-36 Block Place,Melbourne (CBD),Segovia,Colombian,creamy and spicy,144.9643901,-37.81526825
34-36 Block Place,Melbourne (CBD),Segovia,Colombian,creamy and spicy,144.9643901,-37.81526825
84-86 Elizabeth Street,Melbourne (CBD),Hudsons Coffee,Colombian,creamy and spicy,144.9641934,-37.81591326
84-86 Elizabeth Street,Melbourne (CBD),Hudsons Coffee,Colombian,creamy and spicy,144.9641934,-37.81591326
96-102 Elizabeth Street,Melbourne (CBD),Caffe Duomo,Colombian,creamy and spicy,144.9642275,-37.81553526
341-357 Bourke Street,Melbourne (CBD),Melbourne Bar & Bistro,Colombian,creamy and spicy,144.9636622,-37.8144328
341-357 Bourke Street,Melbourne (CBD),Pizza Hut,Middle Eastern,creamy and rich,144.9636622,-37.8144328
341-357 Bourke Street,Melbourne (CBD),McDonald's,Middle Eastern,creamy and rich,144.9636622,-37.8144328
341-357 Bourke Street,Melbourne (CBD),Red Rooster,Middle Eastern,creamy and rich,144.9636622,-37.8144328
331-339 Bourke Street,Melbourne (CBD),Sam & Sons Cafe,Middle Eastern,creamy and rich,144.964049,-37.81458812
331-339 Bourke Street,Melbourne (CBD),Sam & Sons Cafe,Middle Eastern,creamy and rich,144.964049,-37.81458812
331-339 Bourke Street,Melbourne (CBD),Cafe E Torta,Middle Eastern,creamy and rich,144.964049,-37.81458812
331-339 Bourke Street,Melbourne (CBD),Cafe E Torta,Middle Eastern,creamy and rich,144.964049,-37.81458812
331-339 Bourke Street,Melbourne (CBD),Oscars On Royal,Middle Eastern,creamy and rich,144.964049,-37.81458812
331-339 Bourke Street,Melbourne (CBD),Oscars On Royal,Middle Eastern,creamy and rich,144.964049,-37.81458812
327-329 Bourke Street,Melbourne (CBD),Causeway Inn,Middle Eastern,creamy and rich,144.9641605,-37.8143226
283-297 Bourke Street,Melbourne (CBD),Hungry Jack's,Middle Eastern,creamy and rich,144.9652357,-37.8142367
283-297 Bourke Street,Melbourne (CBD),Pancake Parlour,Middle Eastern,creamy and rich,144.9652357,-37.8142367
283-297 Bourke Street,Melbourne (CBD),Asian Gourmet,Middle Eastern,creamy and rich,144.9652357,-37.8142367
283-297 Bourke Street,Melbourne (CBD),Due Fratelli,Middle Eastern,creamy and rich,144.9652357,-37.8142367
157-159 Swanston Street,Melbourne (CBD),Swanston Walk Cafe Bar,Middle Eastern,creamy and rich,144.9655828,-37.81407743
157-159 Swanston Street,Melbourne (CBD),Swanston Walk Cafe Bar,Middle Eastern,creamy and rich,144.9655828,-37.81407743
145 Swanston Street,Melbourne (CBD),Golden Tower Restaurant,Middle Eastern,creamy and rich,144.9657004,-37.81433534
145 Swanston Street,Melbourne (CBD),Golden Tower Restaurant,Middle Eastern,creamy and rich,144.9657004,-37.81433534
139-141 Swanston Street,Melbourne (CBD),Gopal's Vegetarian Restaurant,Middle Eastern,creamy and rich,144.9657351,-37.8144111
309-325 Bourke Street,Melbourne (CBD),Malaysian Oriental Wok,Middle Eastern,creamy and rich,144.9645323,-37.81445406
309-325 Bourke Street,Melbourne (CBD),Malaysian Oriental Wok,Malaysian,hot and spicy,144.9645323,-37.81445406
309-325 Bourke Street,Melbourne (CBD),Tokio Japanese Take Away,Malaysian,hot and spicy,144.9645323,-37.81445406
309-325 Bourke Street,Melbourne (CBD),Tokio Japanese Take Away,Malaysian,hot and spicy,144.9645323,-37.81445406
309-325 Bourke Street,Melbourne (CBD),The Cultured Salad,Malaysian,hot and spicy,144.9645323,-37.81445406
309-325 Bourke Street,Melbourne (CBD),Star Walk Cafe,Malaysian,hot and spicy,144.9645323,-37.81445406
304-306 Little Collins Street,Melbourne (CBD),Laurent-Boulangerie Patisserie,Malaysian,hot and spicy,144.9643486,-37.81473293
304-306 Little Collins Street,Melbourne (CBD),Laurent-Boulangerie Patisserie,Malaysian,hot and spicy,144.9643486,-37.81473293
304-306 Little Collins Street,Melbourne (CBD),Gordons Cafe-Bar,Malaysian,hot and spicy,144.9643486,-37.81473293
304-306 Little Collins Street,Melbourne (CBD),Gordons Cafe-Bar,Malaysian,hot and spicy,144.9643486,-37.81473293
304-306 Little Collins Street,Melbourne (CBD),Cafe Kansas,Malaysian,hot and spicy,144.9643486,-37.81473293
304-306 Little Collins Street,Melbourne (CBD),Cafe Kansas,Malaysian,hot and spicy,144.9643486,-37.81473293
318-322 Little Collins Street,Melbourne (CBD),Gourmet Curry Hut,Malaysian,hot and spicy,144.9640121,-37.81488174
318-322 Little Collins Street,Melbourne (CBD),Gourmet Curry Hut,Malaysian,hot and spicy,144.9640121,-37.81488174
318-322 Little Collins Street,Melbourne (CBD),Quist Danish Coffee Shop (Hub Arcade),Brazilian,creamy and rich,144.9640121,-37.81488174
318-322 Little Collins Street,Melbourne (CBD),Quist Danish Coffee Shop (Hub Arcade),Brazilian,creamy and rich,144.9640121,-37.81488174
136-140 Elizabeth Street,Melbourne (CBD),Cafe' On Elizabeth,Brazilian,creamy and rich,144.963743,-37.81484304
506-516 Elizabeth Street,Melbourne (CBD),Piazza Vittoria,Brazilian,creamy and rich,144.9601828,-37.80671508
506-516 Elizabeth Street,Melbourne (CBD),Piazza Vittoria,Brazilian,creamy and rich,144.9601828,-37.80671508
133-159 Victoria Street,Melbourne (CBD),Market Lane Cafe,Brazilian,creamy and rich,144.9572395,-37.80745984
133-159 Victoria Street,Melbourne (CBD),Market Lane Cafe,Brazilian,creamy and rich,144.9572395,-37.80745984
133-159 Victoria Street,Melbourne (CBD),Josies Food Bar,Brazilian,creamy and rich,144.9572395,-37.80745984
133-159 Victoria Street,Melbourne (CBD),Josies Food Bar,Brazilian,creamy and rich,144.9572395,-37.80745984
507-523 Elizabeth Street,Melbourne (CBD),Le Croissant Des Halles,Brazilian,creamy and rich,144.9572395,-37.80745984
507-523 Elizabeth Street,Melbourne (CBD),Cafe Victoria,Brazilian,creamy and rich,144.9572395,-37.80745984
507-523 Elizabeth Street,Melbourne (CBD),Cafe Victoria,Brazilian,creamy and rich,144.9572395,-37.80745984
507-523 Elizabeth Street,Melbourne (CBD),Coffea Coffee,Brazilian,creamy and rich,144.9572395,-37.80745984
507-523 Elizabeth Street,Melbourne (CBD),Coffea Coffee,Brazilian,creamy and rich,144.9572395,-37.80745984
65-81 Victoria Street,Melbourne (CBD),Drums Cafe,Brazilian,creamy and rich,144.9572395,-37.80745984
65-81 Victoria Street,Melbourne (CBD),Canton Fast Food Pty Ltd,Brazilian,creamy and rich,144.9572395,-37.80745984
65-81 Victoria Street,Melbourne (CBD),Consciousness Cafe,Brazilian,creamy and rich,144.9572395,-37.80745984
65-81 Victoria Street,Melbourne (CBD),Cafe Verona,Brazilian,creamy and rich,144.9572395,-37.80745984
65-81 Victoria Street,Melbourne (CBD),Vic Fish Licensed Cafe,Brazilian,creamy and rich,144.9572395,-37.80745984
284-310 Lonsdale Street,Melbourne (CBD),Cafe Apollo,Brazilian,creamy and rich,144.9630189,-37.81073331
335-347 Swanston Street,Melbourne (CBD),Nando's,Brazilian,creamy and rich,144.9637506,-37.8103651
335-347 Swanston Street,Melbourne (CBD),Nando's,Brazilian,creamy and rich,144.9637506,-37.8103651
243-249 Swanston Street,Melbourne (CBD),Bar Vis,Brazilian,creamy and rich,144.9647365,-37.81230108
17-19 Elizabeth Street,Melbourne (CBD),City Pizza,Brazilian,creamy and rich,144.9644466,-37.81771534
1-5 Elizabeth Street,Melbourne (CBD),Subway,Pub Fare,creamy and rich,144.964608,-37.81805666
375-383 Collins Street,Melbourne (CBD),Le Croissant Connection,Pub Fare,creamy and rich,144.9620054,-37.81714399
375-383 Collins Street,Melbourne (CBD),Le Croissant Connection,Pub Fare,creamy and rich,144.9620054,-37.81714399
359-373 Collins Street,Melbourne (CBD),The Competition Cafe,Pub Fare,creamy and rich,144.9624418,-37.81728432
359-373 Collins Street,Melbourne (CBD),The Competition Cafe,Pub Fare,creamy and rich,144.9624418,-37.81728432
508-514 Flinders Street,Melbourne (CBD),Waterside Hotel,Pub Fare,creamy and rich,144.9571505,-37.820166
566-580 Flinders Street,Melbourne (CBD),Forever Gold Cafe,Pub Fare,creamy and rich,144.9553465,-37.82072034
10-22 Spencer Street,Melbourne (CBD),Explorers Inn,Pub Fare,creamy and rich,144.9552421,-37.82050677
44-54 Spencer Street,Melbourne (CBD),The Jarra Room,Pub Fare,creamy and rich,144.9548831,-37.81970047
119-127 Little Bourke Street,Melbourne (CBD),Orchids Garden Licensed Restaurant,Pub Fare,creamy and rich,144.9688408,-37.81159792
115-117 Little Bourke Street,Melbourne (CBD),Mask of China Restaurant,Pub Fare,creamy and rich,144.9690101,-37.81158808
113 Little Bourke Street,Melbourne (CBD),Duckling King Restaurant,Pub Fare,creamy and rich,144.9691026,-37.8115616
14-16 Market Lane,Melbourne (CBD),Nyonya Restaurant,Pub Fare,creamy and rich,144.9694578,-37.81187264
18-24 Market Lane,Melbourne (CBD),Hofbrouhaus Restaurant,Pub Fare,creamy and rich,144.9694031,-37.81175137
18-24 Market Lane,Melbourne (CBD),The International Lounge Bar,Pub Fare,creamy and rich,144.9694031,-37.81175137
26-28 Market Lane,Melbourne (CBD),Korea Palace,Korean,mild and fresh,144.9693353,-37.81160745
105 Little Bourke Street,Melbourne (CBD),Istana Malaysia Restaurant,Korean,mild and fresh,144.9693399,-37.81146308
189-195 Exhibition Street,Melbourne (CBD),Oriental Bistro,Korean,mild and fresh,144.9699123,-37.81128986
189-195 Exhibition Street,Melbourne (CBD),Pepper Chilli Restaurant,Korean,mild and fresh,144.9699123,-37.81128986
165-167 Exhibition Street,Melbourne (CBD),Backstage Deli,Korean,mild and fresh,144.9700956,-37.81170899
124-128 Bourke Street,Melbourne (CBD),Welcome Stranger,Korean,mild and fresh,144.9692645,-37.81207094
124-128 Bourke Street,Melbourne (CBD),Flower Drum,Korean,mild and fresh,144.9692645,-37.81207094
134-144 Bourke Street,Melbourne (CBD),Aki Japanese Resturant,Korean,mild and fresh,144.9688573,-37.81199769
134-144 Bourke Street,Melbourne (CBD),Shark Fin House,Korean,mild and fresh,144.9688573,-37.81199769
152-158 Bourke Street,Melbourne (CBD),Ginza Teppanyaki,Korean,mild and fresh,144.9685359,-37.81206119
152-158 Bourke Street,Melbourne (CBD),Sawasdee Thai Restaurant,Korean,mild and fresh,144.9685359,-37.81206119
166 Russell Street,Melbourne (CBD),Wong Shing Kee Chinese Restaurant,Korean,mild and fresh,144.9682074,-37.81231991
226-236 Russell Street,Melbourne (CBD),Izakaya Chuji Japanese Restaurant,Korean,mild and fresh,144.9676444,-37.81098272
226-236 Russell Street,Melbourne (CBD),Mai Tai Restaurant,Korean,mild and fresh,144.9676444,-37.81098272
226-236 Russell Street,Melbourne (CBD),Pho Dzung Vietnamese Restaurant,Korean,mild and fresh,144.9676444,-37.81098272
226-236 Russell Street,Melbourne (CBD),Seoul House Korean Restaurant,Korean,mild and fresh,144.9676444,-37.81098272
157-159 Lonsdale Street,Melbourne (CBD),BBQ King Restaurant,Korean,mild and fresh,144.9678627,-37.81093607
149-155 Lonsdale Street,Melbourne (CBD),Dragon Boat Palace,Korean,mild and fresh,144.9680174,-37.81090617
145-147 Lonsdale Street,Melbourne (CBD),Sushi Gotcha,Korean,mild and fresh,144.9681529,-37.81081665
117-121 Lonsdale Street,Melbourne (CBD),Goldern Nugget,Korean,mild and fresh,144.9689024,-37.8107614
113 Lonsdale Street,Melbourne (CBD),Cafe Centrum,German,creamy and rich,144.9690111,-37.81056538
113 Lonsdale Street,Melbourne (CBD),Cafe Centrum,German,creamy and rich,144.9690111,-37.81056538
103-105 Lonsdale Street,Melbourne (CBD),Thai City,German,creamy and rich,144.9692541,-37.81049305
112-114 Little Bourke Street,Melbourne (CBD),Shanghai Village,German,creamy and rich,144.9690756,-37.81124441
120-122 Little Bourke Street,Melbourne (CBD),Empress of China,German,creamy and rich,144.9689085,-37.81131622
124-126 Little Bourke Street,Melbourne (CBD),Golden Orchid Restaurant,German,creamy and rich,144.9687601,-37.81131219
22-26 Corrs Lane,Melbourne (CBD),Hong Kong Wonton House,German,creamy and rich,144.9683249,-37.8109979
196-208 Russell Street,Melbourne (CBD),King Bo Chinese Restaurant,German,creamy and rich,144.9678632,-37.81158809
475-485 Flinders Lane,Melbourne (CBD),Cafe Rema,German,creamy and rich,144.9581001,-37.81936891
475-485 Flinders Lane,Melbourne (CBD),Cafe Rema,German,creamy and rich,144.9581001,-37.81936891
452-470 Flinders Street,Melbourne (CBD),Caffe Masters,German,creamy and rich,144.9586012,-37.81946849
452-470 Flinders Street,Melbourne (CBD),Caffe Masters,German,creamy and rich,144.9586012,-37.81946849
490 Flinders Street,Melbourne (CBD),Florin Deli,German,creamy and rich,144.9579912,-37.81995155
8-10 King Street,Melbourne (CBD),Monkey Bar,German,creamy and rich,144.9576378,-37.81992762
26-32 King Street,Melbourne (CBD),Mothers Bar & Bistro,German,creamy and rich,144.957466,-37.81952934
68-70 King Street,Melbourne (CBD),Schwobs Swiss,German,creamy and rich,144.9570349,-37.81863721
45 Collins Street,Melbourne (CBD),Cafe Great Space,German,creamy and rich,144.9726281,-37.81430616
45 Collins Street,Melbourne (CBD),Cafe Great Space,German,creamy and rich,144.9726281,-37.81430616
45 Collins Street,Melbourne (CBD),Roozervelts,German,creamy and rich,144.9726281,-37.81430616
45 Collins Street,Melbourne (CBD),Sofitel Hotel,German,creamy and rich,144.9726281,-37.81430616
45 Collins Street,Melbourne (CBD),Vivaldi Restaurant,German,creamy and rich,144.9726281,-37.81430616
45 Collins Street,Melbourne (CBD),Cafe 51,Vietnamese,hot and spicy,144.9726281,-37.81430616
45 Collins Street,Melbourne (CBD),Cafe 51,Vietnamese,hot and spicy,144.9726281,-37.81430616
45 Collins Street,Melbourne (CBD),Sizzling Spuds,Vietnamese,hot and spicy,144.9726281,-37.81430616
45 Collins Street,Melbourne (CBD),Pomegranate Gourmet Food,Vietnamese,hot and spicy,144.9726281,-37.81430616
45 Collins Street,Melbourne (CBD),Kenzan Japanese Restaurant,Vietnamese,hot and spicy,144.9726281,-37.81430616
100-186 La Trobe Street,Melbourne (CBD),Caffeine At Re Vault,Vietnamese,hot and spicy,144.9645504,-37.80818365
535 Little Lonsdale Street,Melbourne (CBD),Flagstaff Cafe,Vietnamese,hot and spicy,144.9560169,-37.8134766
535 Little Lonsdale Street,Melbourne (CBD),Flagstaff Cafe,Vietnamese,hot and spicy,144.9560169,-37.8134766
241-243 Flinders Lane,Melbourne (CBD),Piccolo Cafe/bar,Vietnamese,hot and spicy,144.9663028,-37.81685974
241-243 Flinders Lane,Melbourne (CBD),Piccolo Cafe/bar,Vietnamese,hot and spicy,144.9663028,-37.81685974
280-292 Collins Street,Melbourne (CBD),The Charles Dickens Tavern,Vietnamese,hot and spicy,144.9645574,-37.81567229
359-385 Bourke Street,Melbourne (CBD),Uzuki Sushi Bar & Catering,Vietnamese,hot and spicy,144.9629442,-37.81491502
163-173 Queen Street,Melbourne (CBD),Food Lovers Cafe Deli,Vietnamese,hot and spicy,144.9602243,-37.81467989
8 Whiteman Street,Southbank,Cecconi's,Vietnamese,hot and spicy,144.9586604,-37.82312164
8 Whiteman Street,Southbank,Cecconi's,Vietnamese,hot and spicy,144.9586604,-37.82312164
8 Whiteman Street,Southbank,Strega,Vietnamese,hot and spicy,144.9586604,-37.82312164
8 Whiteman Street,Southbank,Cafe D Oro,Vietnamese,hot and spicy,144.9586604,-37.82312164
8 Whiteman Street,Southbank,Number 8,Vietnamese,hot and spicy,144.9586604,-37.82312164
8 Whiteman Street,Southbank,Number 8,Vietnamese,hot and spicy,144.9586604,-37.82312164
8 Whiteman Street,Southbank,Zampelis Cafe Greco,Vietnamese,hot and spicy,144.9586604,-37.82312164
8 Whiteman Street,Southbank,Zampelis Cafe Greco,Vietnamese,hot and spicy,144.9586604,-37.82312164
8 Whiteman Street,Southbank,Waterfront Seafood & Grill,Vietnamese,hot and spicy,144.9586604,-37.82312164
8 Whiteman Street,Southbank,Waterfront Seafood & Grill,Vegetarian,mild and fresh,144.9586604,-37.82312164
8 Whiteman Street,Southbank,Cervo Cafe Bar,Vegetarian,mild and fresh,144.9586604,-37.82312164
8 Whiteman Street,Southbank,Cervo Cafe Bar,Vegetarian,mild and fresh,144.9586604,-37.82312164
8 Whiteman Street,Southbank,Automatic Cafe,Vegetarian,mild and fresh,144.9586604,-37.82312164
8 Whiteman Street,Southbank,Automatic Cafe,Vegetarian,mild and fresh,144.9586604,-37.82312164
8 Whiteman Street,Southbank,Lucky Chan's Seafood Restaurant,Vegetarian,mild and fresh,144.9586604,-37.82312164
8 Whiteman Street,Southbank,official All Stars Cafe,Vegetarian,mild and fresh,144.9586604,-37.82312164
8 Whiteman Street,Southbank,Crown Casino,Vegetarian,mild and fresh,144.9586604,-37.82312164
392-396 Little Collins Street,Melbourne (CBD),Cafe Downunder,Vegetarian,mild and fresh,144.9615306,-37.81556194
457-469 Little Collins Street,Melbourne (CBD),Terrace Deli,Vegetarian,mild and fresh,144.95955,-37.81660734
457-469 Little Collins Street,Melbourne (CBD),Terrace Deli,Vegetarian,mild and fresh,144.95955,-37.81660734
435-443 Little Collins Street,Melbourne (CBD),The Kitchen Restaurant,Vegetarian,mild and fresh,144.9600859,-37.81638558
435-443 Little Collins Street,Melbourne (CBD),Syracuse,Vegetarian,mild and fresh,144.9600859,-37.81638558
435-443 Little Collins Street,Melbourne (CBD),Syracuse,Vegetarian,mild and fresh,144.9600859,-37.81638558
435-443 Little Collins Street,Melbourne (CBD),Cafe Bove,Vegetarian,mild and fresh,144.9600859,-37.81638558
5-9 Bank Place,Melbourne (CBD),Mitre Tavern,Vegetarian,mild and fresh,144.9603112,-37.81680457
4-10 Bank Place,Melbourne (CBD),La Cantina,Vegetarian,mild and fresh,144.9606423,-37.81669009
12-16 Bank Place,Melbourne (CBD),Melbourne Savage Club,Vegetarian,mild and fresh,144.9605765,-37.81654467
433 Little Collins Street,Melbourne (CBD),Lucias Restorante,Vegetarian,mild and fresh,144.9603413,-37.81631094